[
  {
    "type": "bloodtype",
    "person": "Ira",
    "distribution": {
      "O": 0.08333333333333333,
      "A": 0.16666666666666666,
      "B": 0.4166666666666667,
      "AB": 0.3333333333333333
    }
  },
  {
    "type": "bloodtype",
    "person": "Mehmet",
    "distribution": {
      "O": 0.0,
      "A": 0.375,
      "B": 0.25,
      "AB": 0.375
    }
  },
  {
    "type": "bloodtype",
    "person": "Amanda",
    "distribution": {
      "O": 0.07291666666666667,
      "A": 0.3333333333333333,
      "B": 0.3020833333333333,
      "AB": 0.2916666666666667
    }
  }
]