[
  {
    "type": "bloodtype",
    "person": "Sasha",
    "distribution": {
      "O": 0.0,
      "A": 0.20000000000000004,
      "B": 0.8,
      "AB": 0.0
    }
  },
  {
    "type": "bloodtype",
    "person": "Lindsay",
    "distribution": {
      "O": 0.11957396449704141,
      "A": 0.2503668639053254,
      "B": 0.3360236686390533,
      "AB": 0.2940355029585799
    }
  },
  {
    "type": "bloodtype",
    "person": "Leslie",
    "distribution": {
      "O": 0.10686390532544378,
      "A": 0.1594970414201183,
      "B": 0.5083727810650888,
      "AB": 0.2252662721893491
    }
  }
]