[
  {
    "type": "bloodtype",
    "person": "Linda",
    "distribution": {
      "O": 0.08706521739130434,
      "A": 0.09415760869565215,
      "B": 0.6673097826086958,
      "AB": 0.15146739130434783
    }
  },
  {
    "type": "bloodtype",
    "person": "Jordan",
    "distribution": {
      "O": 0.08926630434782606,
      "A": 0.10791440217391302,
      "B": 0.641202445652174,
      "AB": 0.16161684782608693
    }
  },
  {
    "type": "bloodtype",
    "person": "Prisha",
    "distribution": {
      "O": 0.08413043478260869,
      "A": 0.07581521739130433,
      "B": 0.7021195652173914,
      "AB": 0.13793478260869566
    }
  }
]