[
  {
    "type": "bloodtype",
    "person": "Amanda",
    "distribution": {
      "O": 0.032635760234087895,
      "A": 0.4524374720598225,
      "B": 0.209253605371481,
      "AB": 0.3056731623346087
    }
  },
  {
    "type": "bloodtype",
    "person": "Sasha",
    "distribution": {
      "O": 0.0,
      "A": 0.7959220403731937,
      "B": 0.0,
      "AB": 0.2040779596268063
    }
  },
  {
    "type": "bloodtype",
    "person": "Samantha",
    "distribution": {
      "O": 0.0,
      "A": 0.08705723890085518,
      "B": 0.0,
      "AB": 0.9129427610991449
    }
  },
  {
    "type": "bloodtype",
    "person": "Linda",
    "distribution": {
      "O": 0.0,
      "A": 0.9129427610991449,
      "B": 0.0,
      "AB": 0.08705723890085518
    }
  }
]