[
    {
        "type": "bloodtype",
        "person": "Youssef",
        "distribution": {
            "O": 0.25,
            "A": 0.5625,
            "B": 0.1875,
            "AB": 0.0
        }
    },
    {
        "type": "bloodtype",
        "person": "Samantha",
        "distribution": {
            "O": 0.0,
            "A": 1.0,
            "B": 0.0,
            "AB": 0.0
        }
    },
    {
        "type": "bloodtype",
        "person": "Sam",
        "distribution": {
            "O": 0.0625,
            "A": 0.6875,
            "B": 0.0625,
            "AB": 0.1875
        }
    },
    {
        "type": "bloodtype",
        "person": "Noel",
        "distribution": {
            "O": 0.0,
            "A": 1.0,
            "B": 0.0,
            "AB": 0.0
        }
    }
]