[
    {
        "type": "bloodtype",
        "person": "Mehmet",
        "distribution": {
            "O": 0.084576535,
            "A": 0.02609171,
            "B": 0.821599472,
            "AB": 0.067732283
        }
    },
    {
        "type": "bloodtype",
        "person": "Kim",
        "distribution": {
            "O": 0.083057325,
            "A": 0.0,
            "B": 0.916942675,
            "AB": 0.0
        }
    },
    {
        "type": "bloodtype",
        "person": "Amanda",
        "distribution": {
            "O": 0.0,
            "A": 0.0,
            "B": 1.0,
            "AB": 0.0
        }
    },
    {
        "type": "bloodtype",
        "person": "Linda",
        "distribution": {
            "O": 0.09512646,
            "A": 0.0,
            "B": 0.90487354,
            "AB": 0.0
        }
    }
]