[
    {
        "type": "bloodtype",
        "person": "Omar",
        "distribution": {
            "O": 0.0,
            "A": 0.0,
            "B": 1.0,
            "AB": 0.0
        }
    },
    {
        "type": "bloodtype",
        "person": "Sasha",
        "distribution": {
            "O": 0.0,
            "A": 1.0,
            "B": 0.0,
            "AB": 0.0
        }
    },
    {
        "type": "bloodtype",
        "person": "Samantha",
        "distribution": {
            "O": 0.116236744,
            "A": 0.333763256,
            "B": 0.213100697,
            "AB": 0.336899303
        }
    }
]