[
    {
        "type": "bloodtype",
        "person": "Omar",
        "distribution": {
            "O": 0.0,
            "A": 0.0,
            "B": 0.843928378,
            "AB": 0.156071622
        }
    },
    {
        "type": "bloodtype",
        "person": "Jordan",
        "distribution": {
            "O": 0.0,
            "A": 0.0,
            "B": 0.156071622,
            "AB": 0.843928378
        }
    },
    {
        "type": "bloodtype",
        "person": "Brian",
        "distribution": {
            "O": 0.07032013,
            "A": 0.035160065,
            "B": 0.77967987,
            "AB": 0.114839935
        }
    }
]