[
    {
        "type": "bloodtype",
        "person": "Muhammed",
        "distribution": {
            "O": 0.066564652,
            "A": 0.933435348,
            "B": 0.0,
            "AB": 0.0
        }
    },
    {
        "type": "bloodtype",
        "person": "Samantha",
        "distribution": {
            "O": 0.078232594,
            "A": 0.921767406,
            "B": 0.0,
            "AB": 0.0
        }
    },
    {
        "type": "bloodtype",
        "person": "Sasha",
        "distribution": {
            "O": 0.05489671,
            "A": 0.94510329,
            "B": 0.0,
            "AB": 0.0
        }
    }
]