[
    {
        "type": "bloodtype",
        "person": "Ayansh",
        "distribution": {
            "O": 0.072916667,
            "A": 0.333333333,
            "B": 0.302083333,
            "AB": 0.291666667
        }
    },
    {
        "type": "bloodtype",
        "person": "Sasha",
        "distribution": {
            "O": 0.065104167,
            "A": 0.458333333,
            "B": 0.216145833,
            "AB": 0.260416667
        }
    },
    {
        "type": "bloodtype",
        "person": "Dana",
        "distribution": {
            "O": 0.067708333,
            "A": 0.416666667,
            "B": 0.244791667,
            "AB": 0.270833333
        }
    }
]