[
    {
        "type": "bloodtype",
        "person": "Calvin",
        "distribution": {
            "O": 0.0625,
            "A": 0.6875,
            "B": 0.0625,
            "AB": 0.1875
        }
    },
    {
        "type": "bloodtype",
        "person": "Ira",
        "distribution": {
            "O": 0.0625,
            "A": 0.6875,
            "B": 0.0625,
            "AB": 0.1875
        }
    },
    {
        "type": "bloodtype",
        "person": "Omar",
        "distribution": {
            "O": 0.0625,
            "A": 0.6875,
            "B": 0.0625,
            "AB": 0.1875
        }
    }
]