[
    {
        "type": "bloodtype",
        "person": "Brian",
        "distribution": {
            "O": 0.037735849,
            "A": 0.768867925,
            "B": 0.028301887,
            "AB": 0.16509434
        }
    },
    {
        "type": "bloodtype",
        "person": "Lindsay",
        "distribution": {
            "O": 0.04009434,
            "A": 0.70990566,
            "B": 0.04009434,
            "AB": 0.20990566
        }
    },
    {
        "type": "bloodtype",
        "person": "Samantha",
        "distribution": {
            "O": 0.047169811,
            "A": 0.759433962,
            "B": 0.037735849,
            "AB": 0.155660377
        }
    }
]