{
    "family-tree": [
        {
            "relation": "father-of",
            "subject": "Mehmet",
            "object": "Agnieszka"
        },
        {
            "relation": "mother-of",
            "subject": "Agnieszka",
            "object": "Muhammed"
        },
        {
            "relation": "father-of",
            "subject": "Mehmet",
            "object": "Calvin"
        },
        {
            "relation": "father-of",
            "subject": "Calvin",
            "object": "Ira"
        }
    ],
    "country": "North Wumponia",
    "test-results": [
        {
            "type": "mixed-bloodtype-test",
            "person-1": "Muhammed",
            "person-2": "Calvin",
            "result": "AB"
        }
    ],
    "queries": [
        {
            "type": "bloodtype",
            "person": "Calvin"
        }
    ]
}