{
    "family-tree": [
        {
            "relation": "mother-of",
            "subject": "Zeinab",
            "object": "Agnieszka"
        },
        {
            "relation": "mother-of",
            "subject": "Zeinab",
            "object": "Agnieszka"
        },
        {
            "relation": "mother-of",
            "subject": "Zeinab",
            "object": "Sasha"
        },
        {
            "relation": "mother-of",
            "subject": "Zeinab",
            "object": "Sasha"
        }
    ],
    "country": "North Wumponia",
    "test-results": [
        {
            "type": "mixed-bloodtype-test",
            "person-1": "Sasha",
            "person-2": "Agnieszka",
            "result": "A"
        }
    ],
    "queries": [
        {
            "type": "bloodtype",
            "person": "Agnieszka"
        }
    ]
}