{
    "family-tree": [
        {
            "relation": "mother-of",
            "subject": "Amanda",
            "object": "Rory"
        },
        {
            "relation": "mother-of",
            "subject": "Amanda",
            "object": "Rory"
        },
        {
            "relation": "father-of",
            "subject": "Calvin",
            "object": "Samantha"
        },
        {
            "relation": "father-of",
            "subject": "Rory",
            "object": "Noel"
        },
        {
            "relation": "mother-of",
            "subject": "Samantha",
            "object": "Ayansh"
        }
    ],
    "country": "South Wumponia",
    "test-results": [
        {
            "type": "bloodtype-test",
            "person": "Noel",
            "result": "B"
        },
        {
            "type": "bloodtype-test",
            "person": "Samantha",
            "result": "AB"
        },
        {
            "type": "bloodtype-test",
            "person": "Rory",
            "result": "B"
        }
    ],
    "queries": [
        {
            "type": "bloodtype",
            "person": "Ayansh"
        }
    ]
}