{
    "family-tree": [
        {
            "relation": "father-of",
            "subject": "Jordan",
            "object": "Calvin"
        },
        {
            "relation": "father-of",
            "subject": "Calvin",
            "object": "Muhammed"
        },
        {
            "relation": "father-of",
            "subject": "Jordan",
            "object": "Lyn"
        },
        {
            "relation": "mother-of",
            "subject": "Lyn",
            "object": "Linda"
        }
    ],
    "country": "North Wumponia",
    "test-results": [
        {
            "type": "bloodtype-test",
            "person": "Muhammed",
            "result": "AB"
        }
    ],
    "queries": [
        {
            "type": "bloodtype",
            "person": "Jordan"
        },
        {
            "type": "bloodtype",
            "person": "Lyn"
        }
    ]
}