{
    "family-tree": [
        {
            "relation": "father-of",
            "subject": "Rory",
            "object": "Noel"
        },
        {
            "relation": "father-of",
            "subject": "Rory",
            "object": "Sasha"
        },
        {
            "relation": "father-of",
            "subject": "Sasha",
            "object": "Mehmet"
        },
        {
            "relation": "father-of",
            "subject": "Noel",
            "object": "Muhammed"
        },
        {
            "relation": "father-of",
            "subject": "Rory",
            "object": "Noel"
        }
    ],
    "country": "North Wumponia",
    "test-results": [
        {
            "type": "bloodtype-test",
            "person": "Noel",
            "result": "A"
        }
    ],
    "queries": [
        {
            "type": "bloodtype",
            "person": "Mehmet"
        }
    ]
}