{
    "family-tree": [
        {
            "relation": "father-of",
            "subject": "Brian",
            "object": "Youssef"
        },
        {
            "relation": "father-of",
            "subject": "Youssef",
            "object": "Ira"
        },
        {
            "relation": "mother-of",
            "subject": "Ira",
            "object": "Jordan"
        },
        {
            "relation": "father-of",
            "subject": "Youssef",
            "object": "Kim"
        }
    ],
    "country": "North Wumponia",
    "test-results": [
        {
            "type": "mixed-bloodtype-test",
            "person-1": "Brian",
            "person-2": "Ira",
            "result": "AB"
        },
        {
            "type": "pair-bloodtype-test",
            "person-1": "Brian",
            "result-1": "B",
            "person-2": "Kim",
            "result-2": "A"
        }
    ],
    "queries": [
        {
            "type": "bloodtype",
            "person": "Ira"
        },
        {
            "type": "bloodtype",
            "person": "Jordan"
        }
    ]
}