{
    "family-tree": [
        {
            "relation": "mother-of",
            "subject": "Amanda",
            "object": "Nora"
        },
        {
            "relation": "mother-of",
            "subject": "Nora",
            "object": "Sam"
        },
        {
            "relation": "father-of",
            "subject": "Sam",
            "object": "Kim"
        },
        {
            "relation": "father-of",
            "subject": "Sam",
            "object": "Lyn"
        },
        {
            "relation": "mother-of",
            "subject": "Nora",
            "object": "Linda"
        }
    ],
    "country": "North Wumponia",
    "test-results": [
        {
            "type": "bloodtype-test",
            "person": "Nora",
            "result": "A"
        }
    ],
    "queries": [
        {
            "type": "bloodtype",
            "person": "Amanda"
        },
        {
            "type": "bloodtype",
            "person": "Sam"
        },
        {
            "type": "bloodtype",
            "person": "Linda"
        }
    ]
}