{
    "family-tree": [
        {
            "relation": "mother-of",
            "subject": "Dana",
            "object": "Lyn"
        },
        {
            "relation": "mother-of",
            "subject": "Dana",
            "object": "Lyn"
        },
        {
            "relation": "mother-of",
            "subject": "Lyn",
            "object": "Zeinab"
        },
        {
            "relation": "mother-of",
            "subject": "Dana",
            "object": "Leslie"
        },
        {
            "relation": "father-of",
            "subject": "Leslie",
            "object": "Jordan"
        }
    ],
    "country": "North Wumponia",
    "test-results": [
        {
            "type": "mixed-bloodtype-test",
            "person-1": "Lyn",
            "person-2": "Jordan",
            "result": "A"
        },
        {
            "type": "bloodtype-test",
            "person": "Jordan",
            "result": "A"
        }
    ],
    "queries": [
        {
            "type": "bloodtype",
            "person": "Zeinab"
        }
    ]
}