{
    "family-tree": [
        {
            "relation": "father-of",
            "subject": "Mehmet",
            "object": "Muhammed"
        },
        {
            "relation": "mother-of",
            "subject": "Leslie",
            "object": "Muhammed"
        }
    ],
    "country": "North Wumponia",
    "test-results": [
        {
            "type": "bloodtype-test",
            "person": "Muhammed",
            "result": "B"
        }
    ],
    "queries": [
        {
            "type": "bloodtype",
            "person": "Mehmet"
        }
    ]
}