{
    "family-tree": [
        {
            "relation": "father-of",
            "subject": "Sasha",
            "object": "Agnieszka"
        },
        {
            "relation": "mother-of",
            "subject": "Samantha",
            "object": "Agnieszka"
        }
    ],
    "country": "North Wumponia",
    "test-results": [
        {
            "type": "bloodtype-test",
            "person": "Sasha",
            "result": "A"
        }
    ],
    "queries": [
        {
            "type": "bloodtype",
            "person": "Agnieszka"
        }
    ]
}