{
    "family-tree": [
        {
            "relation": "mother-of",
            "subject": "Lyn",
            "object": "Agnieszka"
        },
        {
            "relation": "mother-of",
            "subject": "Lyn",
            "object": "Prisha"
        },
        {
            "relation": "mother-of",
            "subject": "Prisha",
            "object": "Linda"
        },
        {
            "relation": "mother-of",
            "subject": "Prisha",
            "object": "Sasha"
        },
        {
            "relation": "mother-of",
            "subject": "Sasha",
            "object": "Dana"
        },
        {
            "relation": "mother-of",
            "subject": "Agnieszka",
            "object": "Jordan"
        }
    ],
    "country": "South Wumponia",
    "test-results": [
        {
            "type": "bloodtype-test",
            "person": "Dana",
            "result": "B"
        }
    ],
    "queries": [
        {
            "type": "bloodtype",
            "person": "Linda"
        },
        {
            "type": "bloodtype",
            "person": "Jordan"
        },
        {
            "type": "bloodtype",
            "person": "Prisha"
        }
    ]
}