{
    "family-tree": [
        {
            "relation": "mother-of",
            "subject": "Yufei",
            "object": "Calvin"
        },
        {
            "relation": "mother-of",
            "subject": "Yufei",
            "object": "Calvin"
        },
        {
            "relation": "father-of",
            "subject": "Calvin",
            "object": "Dana"
        }
    ],
    "country": "North Wumponia",
    "test-results": [
        {
            "type": "bloodtype-test",
            "person": "Yufei",
            "result": "B"
        }
    ],
    "queries": [
        {
            "type": "bloodtype",
            "person": "Dana"
        }
    ]
}