{
    "family-tree": [
        {
            "relation": "father-of",
            "subject": "Rory",
            "object": "Sam"
        },
        {
            "relation": "mother-of",
            "subject": "Lyn",
            "object": "Sam"
        }
    ],
    "country": "North Wumponia",
    "test-results": [
        {
            "type": "bloodtype-test",
            "person": "Rory",
            "result": "A"
        }
    ],
    "queries": [
        {
            "type": "bloodtype",
            "person": "Lyn"
        }
    ]
}