{
    "family-tree": [
        {
            "relation": "mother-of",
            "subject": "Linda",
            "object": "Daniel"
        },
        {
            "relation": "father-of",
            "subject": "Daniel",
            "object": "Nora"
        },
        {
            "relation": "mother-of",
            "subject": "Agnieszka",
            "object": "Lindsay"
        },
        {
            "relation": "mother-of",
            "subject": "Lindsay",
            "object": "Nora"
        },
        {
            "relation": "mother-of",
            "subject": "Linda",
            "object": "Kim"
        }
    ],
    "country": "North Wumponia",
    "test-results": [
        {
            "type": "pair-bloodtype-test",
            "person-1": "Lindsay",
            "result-1": "A",
            "person-2": "Kim",
            "result-2": "A"
        },
        {
            "type": "bloodtype-test",
            "person": "Nora",
            "result": "AB"
        }
    ],
    "queries": [
        {
            "type": "bloodtype",
            "person": "Daniel"
        },
        {
            "type": "bloodtype",
            "person": "Kim"
        },
        {
            "type": "bloodtype",
            "person": "Linda"
        }
    ]
}