{
    "family-tree": [
        {
            "relation": "mother-of",
            "subject": "Prisha",
            "object": "Agnieszka"
        },
        {
            "relation": "mother-of",
            "subject": "Agnieszka",
            "object": "Lindsay"
        },
        {
            "relation": "mother-of",
            "subject": "Agnieszka",
            "object": "Lyn"
        },
        {
            "relation": "mother-of",
            "subject": "Agnieszka",
            "object": "Amanda"
        },
        {
            "relation": "mother-of",
            "subject": "Lindsay",
            "object": "Maria"
        }
    ],
    "country": "North Wumponia",
    "test-results": [
        {
            "type": "pair-bloodtype-test",
            "person-1": "Prisha",
            "result-1": "AB",
            "person-2": "Lindsay",
            "result-2": "A"
        },
        {
            "type": "pair-bloodtype-test",
            "person-1": "Lyn",
            "result-1": "A",
            "person-2": "Prisha",
            "result-2": "AB"
        }
    ],
    "queries": [
        {
            "type": "bloodtype",
            "person": "Lindsay"
        },
        {
            "type": "bloodtype",
            "person": "Prisha"
        },
        {
            "type": "bloodtype",
            "person": "Agnieszka"
        }
    ]
}