{
    "family-tree": [
        {
            "relation": "mother-of",
            "subject": "Lyn",
            "object": "Lindsay"
        },
        {
            "relation": "mother-of",
            "subject": "Lyn",
            "object": "Lindsay"
        },
        {
            "relation": "mother-of",
            "subject": "Lyn",
            "object": "Amanda"
        },
        {
            "relation": "father-of",
            "subject": "Lindsay",
            "object": "Muhammed"
        }
    ],
    "country": "South Wumponia",
    "test-results": [
        {
            "type": "bloodtype-test",
            "person": "Amanda",
            "result": "B"
        },
        {
            "type": "bloodtype-test",
            "person": "Lindsay",
            "result": "B"
        }
    ],
    "queries": [
        {
            "type": "bloodtype",
            "person": "Muhammed"
        }
    ]
}