{
    "family-tree": [
        {
            "relation": "mother-of",
            "subject": "Samantha",
            "object": "Kim"
        },
        {
            "relation": "father-of",
            "subject": "Kim",
            "object": "Ira"
        },
        {
            "relation": "mother-of",
            "subject": "Samantha",
            "object": "Amanda"
        }
    ],
    "country": "North Wumponia",
    "test-results": [
        {
            "type": "bloodtype-test",
            "person": "Ira",
            "result": "A"
        },
        {
            "type": "bloodtype-test",
            "person": "Amanda",
            "result": "AB"
        }
    ],
    "queries": [
        {
            "type": "bloodtype",
            "person": "Samantha"
        }
    ]
}