{
    "family-tree": [
        {
            "relation": "father-of",
            "subject": "Noel",
            "object": "Agnieszka"
        },
        {
            "relation": "mother-of",
            "subject": "Agnieszka",
            "object": "Ava"
        },
        {
            "relation": "mother-of",
            "subject": "Agnieszka",
            "object": "Ayansh"
        },
        {
            "relation": "mother-of",
            "subject": "Agnieszka",
            "object": "Kim"
        },
        {
            "relation": "father-of",
            "subject": "Ayansh",
            "object": "Lyn"
        }
    ],
    "country": "North Wumponia",
    "test-results": [
        {
            "type": "bloodtype-test",
            "person": "Ava",
            "result": "A"
        }
    ],
    "queries": [
        {
            "type": "bloodtype",
            "person": "Lyn"
        }
    ]
}