{
    "family-tree": [
        {
            "relation": "father-of",
            "subject": "Omar",
            "object": "Kim"
        },
        {
            "relation": "mother-of",
            "subject": "Kim",
            "object": "Prisha"
        },
        {
            "relation": "mother-of",
            "subject": "Prisha",
            "object": "Youssef"
        }
    ],
    "country": "North Wumponia",
    "test-results": [
        {
            "type": "bloodtype-test",
            "person": "Prisha",
            "result": "A"
        },
        {
            "type": "bloodtype-test",
            "person": "Kim",
            "result": "A"
        }
    ],
    "queries": [
        {
            "type": "bloodtype",
            "person": "Youssef"
        }
    ]
}