{
    "family-tree": [
        {
            "relation": "father-of",
            "subject": "Daniel",
            "object": "Lindsay"
        },
        {
            "relation": "father-of",
            "subject": "Daniel",
            "object": "Calvin"
        },
        {
            "relation": "father-of",
            "subject": "Calvin",
            "object": "Sasha"
        },
        {
            "relation": "mother-of",
            "subject": "Sasha",
            "object": "Muhammed"
        },
        {
            "relation": "father-of",
            "subject": "Calvin",
            "object": "Brian"
        }
    ],
    "country": "South Wumponia",
    "test-results": [
        {
            "type": "bloodtype-test",
            "person": "Daniel",
            "result": "B"
        }
    ],
    "queries": [
        {
            "type": "bloodtype",
            "person": "Brian"
        },
        {
            "type": "bloodtype",
            "person": "Sasha"
        }
    ]
}