{
    "family-tree": [
        {
            "relation": "father-of",
            "subject": "Daniel",
            "object": "Kim"
        },
        {
            "relation": "mother-of",
            "subject": "Lyn",
            "object": "Kim"
        }
    ],
    "country": "North Wumponia",
    "test-results": [
        {
            "type": "bloodtype-test",
            "person": "Lyn",
            "result": "B"
        }
    ],
    "queries": [
        {
            "type": "bloodtype",
            "person": "Kim"
        }
    ]
}