{
    "family-tree": [
        {
            "relation": "father-of",
            "subject": "Noel",
            "object": "Leslie"
        },
        {
            "relation": "mother-of",
            "subject": "Ava",
            "object": "Youssef"
        },
        {
            "relation": "father-of",
            "subject": "Youssef",
            "object": "Lyn"
        }
    ],
    "country": "South Wumponia",
    "test-results": [
        {
            "type": "bloodtype-test",
            "person": "Noel",
            "result": "B"
        },
        {
            "type": "bloodtype-test",
            "person": "Youssef",
            "result": "B"
        }
    ],
    "queries": [
        {
            "type": "bloodtype",
            "person": "Leslie"
        }
    ]
}