{
    "family-tree": [
        {
            "relation": "mother-of",
            "subject": "Linda",
            "object": "Zeinab"
        },
        {
            "relation": "mother-of",
            "subject": "Zeinab",
            "object": "Amanda"
        },
        {
            "relation": "mother-of",
            "subject": "Amanda",
            "object": "Nora"
        },
        {
            "relation": "mother-of",
            "subject": "Nora",
            "object": "Daniel"
        }
    ],
    "country": "South Wumponia",
    "test-results": [
        {
            "type": "bloodtype-test",
            "person": "Linda",
            "result": "B"
        }
    ],
    "queries": [
        {
            "type": "bloodtype",
            "person": "Zeinab"
        }
    ]
}