{
    "family-tree": [
        {
            "relation": "mother-of",
            "subject": "Dana",
            "object": "Sasha"
        },
        {
            "relation": "mother-of",
            "subject": "Sasha",
            "object": "Lindsay"
        },
        {
            "relation": "mother-of",
            "subject": "Sasha",
            "object": "Lindsay"
        }
    ],
    "country": "North Wumponia",
    "test-results": [
        {
            "type": "pair-bloodtype-test",
            "person-1": "Dana",
            "result-1": "AB",
            "person-2": "Lindsay",
            "result-2": "AB"
        }
    ],
    "queries": [
        {
            "type": "bloodtype",
            "person": "Sasha"
        }
    ]
}