{
    "family-tree": [
        {
            "relation": "father-of",
            "subject": "Daniel",
            "object": "Mehmet"
        },
        {
            "relation": "mother-of",
            "subject": "Ava",
            "object": "Mehmet"
        }
    ],
    "country": "North Wumponia",
    "test-results": [
        {
            "type": "bloodtype-test",
            "person": "Mehmet",
            "result": "B"
        }
    ],
    "queries": [
        {
            "type": "bloodtype",
            "person": "Daniel"
        }
    ]
}