{
    "family-tree": [
        {
            "relation": "mother-of",
            "subject": "Lyn",
            "object": "Jordan"
        },
        {
            "relation": "mother-of",
            "subject": "Lyn",
            "object": "Lindsay"
        },
        {
            "relation": "mother-of",
            "subject": "Lyn",
            "object": "Mehmet"
        }
    ],
    "country": "North Wumponia",
    "test-results": [
        {
            "type": "mixed-bloodtype-test",
            "person-1": "Lyn",
            "person-2": "Mehmet",
            "result": "A"
        }
    ],
    "queries": [
        {
            "type": "bloodtype",
            "person": "Mehmet"
        }
    ]
}