{
    "family-tree": [
        {
            "relation": "mother-of",
            "subject": "Agnieszka",
            "object": "Rory"
        },
        {
            "relation": "mother-of",
            "subject": "Agnieszka",
            "object": "Rory"
        },
        {
            "relation": "mother-of",
            "subject": "Agnieszka",
            "object": "Brian"
        },
        {
            "relation": "father-of",
            "subject": "Brian",
            "object": "Ava"
        },
        {
            "relation": "father-of",
            "subject": "Rory",
            "object": "Leslie"
        }
    ],
    "country": "North Wumponia",
    "test-results": [
        {
            "type": "bloodtype-test",
            "person": "Leslie",
            "result": "A"
        },
        {
            "type": "bloodtype-test",
            "person": "Brian",
            "result": "AB"
        }
    ],
    "queries": [
        {
            "type": "bloodtype",
            "person": "Rory"
        },
        {
            "type": "bloodtype",
            "person": "Ava"
        }
    ]
}