{
    "family-tree": [
        {
            "relation": "mother-of",
            "subject": "Zeinab",
            "object": "Ava"
        },
        {
            "relation": "mother-of",
            "subject": "Ava",
            "object": "Jordan"
        },
        {
            "relation": "mother-of",
            "subject": "Ava",
            "object": "Jordan"
        }
    ],
    "country": "North Wumponia",
    "test-results": [
        {
            "type": "pair-bloodtype-test",
            "person-1": "Zeinab",
            "result-1": "A",
            "person-2": "Jordan",
            "result-2": "A"
        }
    ],
    "queries": [
        {
            "type": "bloodtype",
            "person": "Jordan"
        }
    ]
}