{
    "family-tree": [
        {
            "relation": "father-of",
            "subject": "Youssef",
            "object": "Lyn"
        },
        {
            "relation": "mother-of",
            "subject": "Samantha",
            "object": "Lyn"
        }
    ],
    "country": "North Wumponia",
    "test-results": [
        {
            "type": "bloodtype-test",
            "person": "Youssef",
            "result": "A"
        }
    ],
    "queries": [
        {
            "type": "bloodtype",
            "person": "Lyn"
        }
    ]
}