{
    "family-tree": [
        {
            "relation": "father-of",
            "subject": "Kim",
            "object": "Yufei"
        },
        {
            "relation": "mother-of",
            "subject": "Zeinab",
            "object": "Yufei"
        }
    ],
    "country": "North Wumponia",
    "test-results": [
        {
            "type": "bloodtype-test",
            "person": "Yufei",
            "result": "O"
        }
    ],
    "queries": [
        {
            "type": "bloodtype",
            "person": "Kim"
        }
    ]
}