{
    "family-tree": [
        {
            "relation": "mother-of",
            "subject": "Ira",
            "object": "Muhammed"
        },
        {
            "relation": "father-of",
            "subject": "Muhammed",
            "object": "Lyn"
        },
        {
            "relation": "mother-of",
            "subject": "Ira",
            "object": "Ahmed"
        },
        {
            "relation": "father-of",
            "subject": "Muhammed",
            "object": "Lyn"
        },
        {
            "relation": "mother-of",
            "subject": "Lyn",
            "object": "Youssef"
        }
    ],
    "country": "South Wumponia",
    "test-results": [
        {
            "type": "mixed-bloodtype-test",
            "person-1": "Lyn",
            "person-2": "Ira",
            "result": "O"
        }
    ],
    "queries": [
        {
            "type": "bloodtype",
            "person": "Ahmed"
        },
        {
            "type": "bloodtype",
            "person": "Muhammed"
        }
    ]
}