{
    "family-tree": [
        {
            "relation": "father-of",
            "subject": "Mehmet",
            "object": "Lindsay"
        },
        {
            "relation": "father-of",
            "subject": "Mehmet",
            "object": "Ira"
        },
        {
            "relation": "mother-of",
            "subject": "Ira",
            "object": "Leslie"
        },
        {
            "relation": "mother-of",
            "subject": "Ira",
            "object": "Prisha"
        },
        {
            "relation": "father-of",
            "subject": "Mehmet",
            "object": "Nora"
        }
    ],
    "country": "South Wumponia",
    "test-results": [
        {
            "type": "bloodtype-test",
            "person": "Ira",
            "result": "B"
        },
        {
            "type": "bloodtype-test",
            "person": "Leslie",
            "result": "B"
        }
    ],
    "queries": [
        {
            "type": "bloodtype",
            "person": "Mehmet"
        },
        {
            "type": "bloodtype",
            "person": "Nora"
        }
    ]
}