{
    "family-tree": [
        {
            "relation": "father-of",
            "subject": "Ayansh",
            "object": "Dana"
        },
        {
            "relation": "mother-of",
            "subject": "Samantha",
            "object": "Dana"
        }
    ],
    "country": "North Wumponia",
    "test-results": [
        {
            "type": "bloodtype-test",
            "person": "Samantha",
            "result": "A"
        }
    ],
    "queries": [
        {
            "type": "bloodtype",
            "person": "Ayansh"
        }
    ]
}