{
    "family-tree": [
        {
            "relation": "father-of",
            "subject": "Kim",
            "object": "Daniel"
        },
        {
            "relation": "father-of",
            "subject": "Kim",
            "object": "Daniel"
        },
        {
            "relation": "father-of",
            "subject": "Daniel",
            "object": "Noel"
        },
        {
            "relation": "father-of",
            "subject": "Daniel",
            "object": "Nora"
        }
    ],
    "country": "North Wumponia",
    "test-results": [
        {
            "type": "bloodtype-test",
            "person": "Noel",
            "result": "B"
        }
    ],
    "queries": [
        {
            "type": "bloodtype",
            "person": "Nora"
        }
    ]
}