{
    "family-tree": [
        {
            "relation": "father-of",
            "subject": "Brian",
            "object": "Ira"
        },
        {
            "relation": "mother-of",
            "subject": "Kim",
            "object": "Ira"
        }
    ],
    "country": "North Wumponia",
    "test-results": [
        {
            "type": "bloodtype-test",
            "person": "Ira",
            "result": "A"
        }
    ],
    "queries": [
        {
            "type": "bloodtype",
            "person": "Kim"
        }
    ]
}