{
    "family-tree": [
        {
            "relation": "mother-of",
            "subject": "Kim",
            "object": "Calvin"
        },
        {
            "relation": "father-of",
            "subject": "Ayansh",
            "object": "Sasha"
        },
        {
            "relation": "mother-of",
            "subject": "Kim",
            "object": "Yufei"
        },
        {
            "relation": "father-of",
            "subject": "Ayansh",
            "object": "Daniel"
        }
    ],
    "country": "South Wumponia",
    "test-results": [
        {
            "type": "bloodtype-test",
            "person": "Calvin",
            "result": "A"
        },
        {
            "type": "bloodtype-test",
            "person": "Kim",
            "result": "B"
        }
    ],
    "queries": [
        {
            "type": "bloodtype",
            "person": "Daniel"
        }
    ]
}