{
    "family-tree": [
        {
            "relation": "father-of",
            "subject": "Sasha",
            "object": "Lyn"
        },
        {
            "relation": "father-of",
            "subject": "Sasha",
            "object": "Ira"
        },
        {
            "relation": "father-of",
            "subject": "Sasha",
            "object": "Youssef"
        },
        {
            "relation": "father-of",
            "subject": "Sasha",
            "object": "Youssef"
        },
        {
            "relation": "mother-of",
            "subject": "Ira",
            "object": "Linda"
        }
    ],
    "country": "North Wumponia",
    "test-results": [
        {
            "type": "bloodtype-test",
            "person": "Lyn",
            "result": "AB"
        },
        {
            "type": "bloodtype-test",
            "person": "Ira",
            "result": "AB"
        }
    ],
    "queries": [
        {
            "type": "bloodtype",
            "person": "Linda"
        }
    ]
}