{
    "family-tree": [
        {
            "relation": "mother-of",
            "subject": "Ira",
            "object": "Sasha"
        },
        {
            "relation": "mother-of",
            "subject": "Ira",
            "object": "Mehmet"
        },
        {
            "relation": "mother-of",
            "subject": "Ira",
            "object": "Maria"
        }
    ],
    "country": "North Wumponia",
    "test-results": [
        {
            "type": "mixed-bloodtype-test",
            "person-1": "Sasha",
            "person-2": "Mehmet",
            "result": "A"
        },
        {
            "type": "mixed-bloodtype-test",
            "person-1": "Maria",
            "person-2": "Mehmet",
            "result": "A"
        }
    ],
    "queries": [
        {
            "type": "bloodtype",
            "person": "Ira"
        }
    ]
}