{
    "family-tree": [
        {
            "relation": "father-of",
            "subject": "Omar",
            "object": "Agnieszka"
        },
        {
            "relation": "father-of",
            "subject": "Omar",
            "object": "Leslie"
        },
        {
            "relation": "mother-of",
            "subject": "Agnieszka",
            "object": "Sasha"
        },
        {
            "relation": "father-of",
            "subject": "Leslie",
            "object": "Ira"
        }
    ],
    "country": "South Wumponia",
    "test-results": [
        {
            "type": "bloodtype-test",
            "person": "Omar",
            "result": "A"
        }
    ],
    "queries": [
        {
            "type": "bloodtype",
            "person": "Ira"
        },
        {
            "type": "bloodtype",
            "person": "Sasha"
        }
    ]
}