{
    "family-tree": [
        {
            "relation": "father-of",
            "subject": "Noel",
            "object": "Lyn"
        },
        {
            "relation": "mother-of",
            "subject": "Lyn",
            "object": "Amanda"
        },
        {
            "relation": "mother-of",
            "subject": "Lyn",
            "object": "Kim"
        }
    ],
    "country": "North Wumponia",
    "test-results": [
        {
            "type": "bloodtype-test",
            "person": "Lyn",
            "result": "AB"
        },
        {
            "type": "pair-bloodtype-test",
            "person-1": "Noel",
            "result-1": "A",
            "person-2": "Kim",
            "result-2": "A"
        }
    ],
    "queries": [
        {
            "type": "bloodtype",
            "person": "Noel"
        },
        {
            "type": "bloodtype",
            "person": "Kim"
        }
    ]
}