{
    "family-tree": [
        {
            "relation": "mother-of",
            "subject": "Lyn",
            "object": "Mehmet"
        },
        {
            "relation": "mother-of",
            "subject": "Lyn",
            "object": "Kim"
        },
        {
            "relation": "father-of",
            "subject": "Mehmet",
            "object": "Linda"
        },
        {
            "relation": "mother-of",
            "subject": "Linda",
            "object": "Ira"
        },
        {
            "relation": "father-of",
            "subject": "Omar",
            "object": "Lyn"
        },
        {
            "relation": "father-of",
            "subject": "Omar",
            "object": "Amanda"
        },
        {
            "relation": "mother-of",
            "subject": "Lyn",
            "object": "Yufei"
        },
        {
            "relation": "mother-of",
            "subject": "Lyn",
            "object": "Mehmet"
        }
    ],
    "country": "South Wumponia",
    "test-results": [
        {
            "type": "mixed-bloodtype-test",
            "person-1": "Kim",
            "person-2": "Linda",
            "result": "B"
        },
        {
            "type": "pair-bloodtype-test",
            "person-1": "Yufei",
            "result-1": "B",
            "person-2": "Amanda",
            "result-2": "B"
        }
    ],
    "queries": [
        {
            "type": "bloodtype",
            "person": "Mehmet"
        },
        {
            "type": "bloodtype",
            "person": "Kim"
        },
        {
            "type": "bloodtype",
            "person": "Amanda"
        },
        {
            "type": "bloodtype",
            "person": "Linda"
        }
    ]
}