{
    "family-tree": [
        {
            "relation": "mother-of",
            "subject": "Lyn",
            "object": "Omar"
        },
        {
            "relation": "mother-of",
            "subject": "Lyn",
            "object": "Agnieszka"
        },
        {
            "relation": "mother-of",
            "subject": "Lyn",
            "object": "Youssef"
        },
        {
            "relation": "father-of",
            "subject": "Omar",
            "object": "Zeinab"
        }
    ],
    "country": "North Wumponia",
    "test-results": [
        {
            "type": "bloodtype-test",
            "person": "Agnieszka",
            "result": "B"
        }
    ],
    "queries": [
        {
            "type": "bloodtype",
            "person": "Omar"
        },
        {
            "type": "bloodtype",
            "person": "Youssef"
        }
    ]
}