{
    "family-tree": [
        {
            "relation": "father-of",
            "subject": "Brian",
            "object": "Youssef"
        },
        {
            "relation": "father-of",
            "subject": "Youssef",
            "object": "Sam"
        },
        {
            "relation": "father-of",
            "subject": "Youssef",
            "object": "Ava"
        },
        {
            "relation": "mother-of",
            "subject": "Ava",
            "object": "Omar"
        },
        {
            "relation": "father-of",
            "subject": "Omar",
            "object": "Jordan"
        },
        {
            "relation": "father-of",
            "subject": "Brian",
            "object": "Dana"
        }
    ],
    "country": "South Wumponia",
    "test-results": [
        {
            "type": "pair-bloodtype-test",
            "person-1": "Omar",
            "result-1": "B",
            "person-2": "Jordan",
            "result-2": "AB"
        },
        {
            "type": "bloodtype-test",
            "person": "Youssef",
            "result": "B"
        }
    ],
    "queries": [
        {
            "type": "bloodtype",
            "person": "Omar"
        },
        {
            "type": "bloodtype",
            "person": "Jordan"
        },
        {
            "type": "bloodtype",
            "person": "Brian"
        }
    ]
}