{
    "family-tree": [
        {
            "relation": "father-of",
            "subject": "Kim",
            "object": "Leslie"
        },
        {
            "relation": "father-of",
            "subject": "Leslie",
            "object": "Brian"
        },
        {
            "relation": "father-of",
            "subject": "Brian",
            "object": "Samantha"
        },
        {
            "relation": "father-of",
            "subject": "Leslie",
            "object": "Lindsay"
        },
        {
            "relation": "mother-of",
            "subject": "Samantha",
            "object": "Yufei"
        }
    ],
    "country": "North Wumponia",
    "test-results": [
        {
            "type": "bloodtype-test",
            "person": "Leslie",
            "result": "A"
        },
        {
            "type": "bloodtype-test",
            "person": "Yufei",
            "result": "A"
        },
        {
            "type": "bloodtype-test",
            "person": "Kim",
            "result": "AB"
        }
    ],
    "queries": [
        {
            "type": "bloodtype",
            "person": "Brian"
        },
        {
            "type": "bloodtype",
            "person": "Lindsay"
        },
        {
            "type": "bloodtype",
            "person": "Samantha"
        }
    ]
}