{
    "family-tree": [
        {
            "relation": "mother-of",
            "subject": "Amanda",
            "object": "Noel"
        },
        {
            "relation": "father-of",
            "subject": "Noel",
            "object": "Mehmet"
        },
        {
            "relation": "father-of",
            "subject": "Sasha",
            "object": "Amanda"
        },
        {
            "relation": "father-of",
            "subject": "Mehmet",
            "object": "Maria"
        },
        {
            "relation": "mother-of",
            "subject": "Maria",
            "object": "Sam"
        },
        {
            "relation": "father-of",
            "subject": "Mehmet",
            "object": "Daniel"
        },
        {
            "relation": "father-of",
            "subject": "Ayansh",
            "object": "Sasha"
        }
    ],
    "country": "North Wumponia",
    "test-results": [
        {
            "type": "pair-bloodtype-test",
            "person-1": "Sam",
            "result-1": "A",
            "person-2": "Mehmet",
            "result-2": "A"
        },
        {
            "type": "pair-bloodtype-test",
            "person-1": "Noel",
            "result-1": "A",
            "person-2": "Mehmet",
            "result-2": "A"
        },
        {
            "type": "bloodtype-test",
            "person": "Mehmet",
            "result": "A"
        }
    ],
    "queries": [
        {
            "type": "bloodtype",
            "person": "Noel"
        },
        {
            "type": "bloodtype",
            "person": "Amanda"
        }
    ]
}