{
    "family-tree": [
        {
            "relation": "father-of",
            "subject": "Lindsay",
            "object": "Daniel"
        },
        {
            "relation": "father-of",
            "subject": "Daniel",
            "object": "Youssef"
        },
        {
            "relation": "father-of",
            "subject": "Daniel",
            "object": "Muhammed"
        },
        {
            "relation": "father-of",
            "subject": "Daniel",
            "object": "Maria"
        },
        {
            "relation": "mother-of",
            "subject": "Maria",
            "object": "Leslie"
        }
    ],
    "country": "North Wumponia",
    "test-results": [
        {
            "type": "bloodtype-test",
            "person": "Youssef",
            "result": "B"
        }
    ],
    "queries": [
        {
            "type": "bloodtype",
            "person": "Lindsay"
        },
        {
            "type": "bloodtype",
            "person": "Leslie"
        },
        {
            "type": "bloodtype",
            "person": "Daniel"
        }
    ]
}