{
    "family-tree": [
        {
            "relation": "father-of",
            "subject": "Rory",
            "object": "Dana"
        },
        {
            "relation": "father-of",
            "subject": "Rory",
            "object": "Leslie"
        },
        {
            "relation": "father-of",
            "subject": "Leslie",
            "object": "Jordan"
        }
    ],
    "country": "South Wumponia",
    "test-results": [
        {
            "type": "bloodtype-test",
            "person": "Leslie",
            "result": "AB"
        },
        {
            "type": "bloodtype-test",
            "person": "Jordan",
            "result": "AB"
        }
    ],
    "queries": [
        {
            "type": "bloodtype",
            "person": "Dana"
        },
        {
            "type": "bloodtype",
            "person": "Rory"
        }
    ]
}