{
    "family-tree": [
        {
            "relation": "father-of",
            "subject": "Jordan",
            "object": "Leslie"
        },
        {
            "relation": "mother-of",
            "subject": "Lindsay",
            "object": "Leslie"
        }
    ],
    "country": "North Wumponia",
    "test-results": [
        {
            "type": "bloodtype-test",
            "person": "Lindsay",
            "result": "AB"
        }
    ],
    "queries": [
        {
            "type": "bloodtype",
            "person": "Jordan"
        }
    ]
}