{
    "family-tree": [
        {
            "relation": "father-of",
            "subject": "Calvin",
            "object": "Maria"
        },
        {
            "relation": "father-of",
            "subject": "Calvin",
            "object": "Omar"
        },
        {
            "relation": "father-of",
            "subject": "Omar",
            "object": "Lindsay"
        },
        {
            "relation": "father-of",
            "subject": "Lindsay",
            "object": "Leslie"
        }
    ],
    "country": "North Wumponia",
    "test-results": [
        {
            "type": "mixed-bloodtype-test",
            "person-1": "Omar",
            "person-2": "Lindsay",
            "result": "A"
        }
    ],
    "queries": [
        {
            "type": "bloodtype",
            "person": "Leslie"
        },
        {
            "type": "bloodtype",
            "person": "Omar"
        }
    ]
}