{
    "family-tree": [
        {
            "relation": "father-of",
            "subject": "Lindsay",
            "object": "Ava"
        },
        {
            "relation": "father-of",
            "subject": "Lindsay",
            "object": "Ava"
        },
        {
            "relation": "father-of",
            "subject": "Lindsay",
            "object": "Ava"
        },
        {
            "relation": "mother-of",
            "subject": "Ava",
            "object": "Sam"
        }
    ],
    "country": "North Wumponia",
    "test-results": [
        {
            "type": "bloodtype-test",
            "person": "Ava",
            "result": "O"
        }
    ],
    "queries": [
        {
            "type": "bloodtype",
            "person": "Sam"
        }
    ]
}