{
    "family-tree": [
        {
            "relation": "mother-of",
            "subject": "Kim",
            "object": "Muhammed"
        },
        {
            "relation": "mother-of",
            "subject": "Kim",
            "object": "Muhammed"
        },
        {
            "relation": "father-of",
            "subject": "Calvin",
            "object": "Kim"
        },
        {
            "relation": "father-of",
            "subject": "Calvin",
            "object": "Lyn"
        }
    ],
    "country": "North Wumponia",
    "test-results": [
        {
            "type": "mixed-bloodtype-test",
            "person-1": "Lyn",
            "person-2": "Kim",
            "result": "A"
        },
        {
            "type": "mixed-bloodtype-test",
            "person-1": "Calvin",
            "person-2": "Kim",
            "result": "A"
        }
    ],
    "queries": [
        {
            "type": "bloodtype",
            "person": "Lyn"
        }
    ]
}