{
    "family-tree": [
        {
            "relation": "mother-of",
            "subject": "Lindsay",
            "object": "Nora"
        },
        {
            "relation": "mother-of",
            "subject": "Nora",
            "object": "Samantha"
        },
        {
            "relation": "mother-of",
            "subject": "Lindsay",
            "object": "Nora"
        },
        {
            "relation": "mother-of",
            "subject": "Nora",
            "object": "Mehmet"
        }
    ],
    "country": "South Wumponia",
    "test-results": [
        {
            "type": "bloodtype-test",
            "person": "Mehmet",
            "result": "O"
        },
        {
            "type": "bloodtype-test",
            "person": "Nora",
            "result": "B"
        }
    ],
    "queries": [
        {
            "type": "bloodtype",
            "person": "Samantha"
        }
    ]
}