{
    "family-tree": [
        {
            "relation": "mother-of",
            "subject": "Samantha",
            "object": "Ira"
        },
        {
            "relation": "mother-of",
            "subject": "Ira",
            "object": "Leslie"
        },
        {
            "relation": "mother-of",
            "subject": "Leslie",
            "object": "Ayansh"
        },
        {
            "relation": "mother-of",
            "subject": "Ira",
            "object": "Leslie"
        },
        {
            "relation": "mother-of",
            "subject": "Samantha",
            "object": "Kim"
        }
    ],
    "country": "North Wumponia",
    "test-results": [
        {
            "type": "bloodtype-test",
            "person": "Kim",
            "result": "A"
        }
    ],
    "queries": [
        {
            "type": "bloodtype",
            "person": "Leslie"
        },
        {
            "type": "bloodtype",
            "person": "Samantha"
        }
    ]
}