{
    "family-tree": [
        {
            "relation": "father-of",
            "subject": "Ahmed",
            "object": "Nora"
        },
        {
            "relation": "mother-of",
            "subject": "Dana",
            "object": "Nora"
        }
    ],
    "country": "North Wumponia",
    "test-results": [
        {
            "type": "bloodtype-test",
            "person": "Nora",
            "result": "A"
        }
    ],
    "queries": [
        {
            "type": "bloodtype",
            "person": "Dana"
        }
    ]
}