{
    "family-tree": [
        {
            "relation": "father-of",
            "subject": "Sasha",
            "object": "Sam"
        },
        {
            "relation": "father-of",
            "subject": "Sasha",
            "object": "Samantha"
        },
        {
            "relation": "father-of",
            "subject": "Sasha",
            "object": "Prisha"
        },
        {
            "relation": "mother-of",
            "subject": "Prisha",
            "object": "Omar"
        },
        {
            "relation": "father-of",
            "subject": "Sam",
            "object": "Brian"
        }
    ],
    "country": "South Wumponia",
    "test-results": [
        {
            "type": "mixed-bloodtype-test",
            "person-1": "Omar",
            "person-2": "Brian",
            "result": "B"
        },
        {
            "type": "pair-bloodtype-test",
            "person-1": "Sasha",
            "result-1": "A",
            "person-2": "Omar",
            "result-2": "B"
        },
        {
            "type": "mixed-bloodtype-test",
            "person-1": "Prisha",
            "person-2": "Brian",
            "result": "AB"
        }
    ],
    "queries": [
        {
            "type": "bloodtype",
            "person": "Omar"
        },
        {
            "type": "bloodtype",
            "person": "Sasha"
        },
        {
            "type": "bloodtype",
            "person": "Samantha"
        }
    ]
}