{
    "family-tree": [
        {
            "relation": "mother-of",
            "subject": "Ira",
            "object": "Kim"
        },
        {
            "relation": "mother-of",
            "subject": "Kim",
            "object": "Sasha"
        },
        {
            "relation": "father-of",
            "subject": "Noel",
            "object": "Kim"
        },
        {
            "relation": "father-of",
            "subject": "Muhammed",
            "object": "Prisha"
        },
        {
            "relation": "mother-of",
            "subject": "Kim",
            "object": "Ayansh"
        },
        {
            "relation": "father-of",
            "subject": "Muhammed",
            "object": "Ayansh"
        },
        {
            "relation": "mother-of",
            "subject": "Kim",
            "object": "Brian"
        },
        {
            "relation": "father-of",
            "subject": "Noel",
            "object": "Samantha"
        }
    ],
    "country": "North Wumponia",
    "test-results": [
        {
            "type": "mixed-bloodtype-test",
            "person-1": "Sasha",
            "person-2": "Muhammed",
            "result": "A"
        },
        {
            "type": "mixed-bloodtype-test",
            "person-1": "Sasha",
            "person-2": "Samantha",
            "result": "A"
        },
        {
            "type": "pair-bloodtype-test",
            "person-1": "Prisha",
            "result-1": "A",
            "person-2": "Brian",
            "result-2": "AB"
        }
    ],
    "queries": [
        {
            "type": "bloodtype",
            "person": "Muhammed"
        },
        {
            "type": "bloodtype",
            "person": "Samantha"
        },
        {
            "type": "bloodtype",
            "person": "Sasha"
        }
    ]
}