{
    "family-tree": [
        {
            "relation": "mother-of",
            "subject": "Zeinab",
            "object": "Youssef"
        },
        {
            "relation": "father-of",
            "subject": "Youssef",
            "object": "Prisha"
        },
        {
            "relation": "father-of",
            "subject": "Youssef",
            "object": "Prisha"
        }
    ],
    "country": "North Wumponia",
    "test-results": [
        {
            "type": "bloodtype-test",
            "person": "Zeinab",
            "result": "AB"
        }
    ],
    "queries": [
        {
            "type": "bloodtype",
            "person": "Prisha"
        }
    ]
}