{
    "family-tree": [
        {
            "relation": "father-of",
            "subject": "Noel",
            "object": "Prisha"
        },
        {
            "relation": "father-of",
            "subject": "Noel",
            "object": "Dana"
        },
        {
            "relation": "mother-of",
            "subject": "Prisha",
            "object": "Samantha"
        },
        {
            "relation": "father-of",
            "subject": "Noel",
            "object": "Dana"
        },
        {
            "relation": "mother-of",
            "subject": "Dana",
            "object": "Ava"
        }
    ],
    "country": "South Wumponia",
    "test-results": [
        {
            "type": "mixed-bloodtype-test",
            "person-1": "Prisha",
            "person-2": "Dana",
            "result": "B"
        }
    ],
    "queries": [
        {
            "type": "bloodtype",
            "person": "Noel"
        },
        {
            "type": "bloodtype",
            "person": "Ava"
        }
    ]
}