{
    "family-tree": [
        {
            "relation": "father-of",
            "subject": "Calvin",
            "object": "Leslie"
        },
        {
            "relation": "father-of",
            "subject": "Calvin",
            "object": "Linda"
        },
        {
            "relation": "mother-of",
            "subject": "Leslie",
            "object": "Ira"
        },
        {
            "relation": "mother-of",
            "subject": "Linda",
            "object": "Ava"
        }
    ],
    "country": "North Wumponia",
    "test-results": [
        {
            "type": "bloodtype-test",
            "person": "Calvin",
            "result": "A"
        },
        {
            "type": "pair-bloodtype-test",
            "person-1": "Leslie",
            "result-1": "AB",
            "person-2": "Ira",
            "result-2": "A"
        }
    ],
    "queries": [
        {
            "type": "bloodtype",
            "person": "Linda"
        }
    ]
}