{
    "family-tree": [
        {
            "relation": "father-of",
            "subject": "Jordan",
            "object": "Lindsay"
        },
        {
            "relation": "father-of",
            "subject": "Jordan",
            "object": "Lindsay"
        },
        {
            "relation": "father-of",
            "subject": "Jordan",
            "object": "Yufei"
        },
        {
            "relation": "father-of",
            "subject": "Jordan",
            "object": "Yufei"
        }
    ],
    "country": "North Wumponia",
    "test-results": [
        {
            "type": "bloodtype-test",
            "person": "Yufei",
            "result": "B"
        }
    ],
    "queries": [
        {
            "type": "bloodtype",
            "person": "Lindsay"
        }
    ]
}