{
    "family-tree": [
        {
            "relation": "father-of",
            "subject": "Sasha",
            "object": "Youssef"
        },
        {
            "relation": "father-of",
            "subject": "Youssef",
            "object": "Nora"
        },
        {
            "relation": "mother-of",
            "subject": "Nora",
            "object": "Agnieszka"
        },
        {
            "relation": "father-of",
            "subject": "Youssef",
            "object": "Sam"
        }
    ],
    "country": "North Wumponia",
    "test-results": [
        {
            "type": "bloodtype-test",
            "person": "Agnieszka",
            "result": "O"
        },
        {
            "type": "mixed-bloodtype-test",
            "person-1": "Sasha",
            "person-2": "Nora",
            "result": "A"
        }
    ],
    "queries": [
        {
            "type": "bloodtype",
            "person": "Sasha"
        }
    ]
}