{
    "family-tree": [
        {
            "relation": "mother-of",
            "subject": "Zeinab",
            "object": "Lyn"
        },
        {
            "relation": "mother-of",
            "subject": "Lyn",
            "object": "Omar"
        },
        {
            "relation": "mother-of",
            "subject": "Zeinab",
            "object": "Sam"
        },
        {
            "relation": "father-of",
            "subject": "Kim",
            "object": "Ava"
        }
    ],
    "country": "North Wumponia",
    "test-results": [
        {
            "type": "bloodtype-test",
            "person": "Zeinab",
            "result": "B"
        },
        {
            "type": "bloodtype-test",
            "person": "Kim",
            "result": "AB"
        }
    ],
    "queries": [
        {
            "type": "bloodtype",
            "person": "Ava"
        },
        {
            "type": "bloodtype",
            "person": "Omar"
        }
    ]
}