{
    "family-tree": [
        {
            "relation": "mother-of",
            "subject": "Leslie",
            "object": "Ira"
        },
        {
            "relation": "mother-of",
            "subject": "Ira",
            "object": "Jordan"
        },
        {
            "relation": "father-of",
            "subject": "Noel",
            "object": "Nora"
        },
        {
            "relation": "father-of",
            "subject": "Youssef",
            "object": "Omar"
        },
        {
            "relation": "mother-of",
            "subject": "Leslie",
            "object": "Calvin"
        },
        {
            "relation": "mother-of",
            "subject": "Nora",
            "object": "Ayansh"
        },
        {
            "relation": "father-of",
            "subject": "Jordan",
            "object": "Brian"
        }
    ],
    "country": "North Wumponia",
    "test-results": [
        {
            "type": "bloodtype-test",
            "person": "Youssef",
            "result": "A"
        },
        {
            "type": "bloodtype-test",
            "person": "Leslie",
            "result": "A"
        }
    ],
    "queries": [
        {
            "type": "bloodtype",
            "person": "Calvin"
        },
        {
            "type": "bloodtype",
            "person": "Ira"
        },
        {
            "type": "bloodtype",
            "person": "Omar"
        }
    ]
}