{
    "family-tree": [
        {
            "relation": "father-of",
            "subject": "Sasha",
            "object": "Brian"
        },
        {
            "relation": "father-of",
            "subject": "Sasha",
            "object": "Ahmed"
        },
        {
            "relation": "father-of",
            "subject": "Sasha",
            "object": "Ahmed"
        },
        {
            "relation": "father-of",
            "subject": "Ahmed",
            "object": "Rory"
        },
        {
            "relation": "father-of",
            "subject": "Rory",
            "object": "Muhammed"
        }
    ],
    "country": "North Wumponia",
    "test-results": [
        {
            "type": "mixed-bloodtype-test",
            "person-1": "Brian",
            "person-2": "Rory",
            "result": "A"
        }
    ],
    "queries": [
        {
            "type": "bloodtype",
            "person": "Rory"
        }
    ]
}