{
    "family-tree": [
        {
            "relation": "father-of",
            "subject": "Ayansh",
            "object": "Amanda"
        },
        {
            "relation": "mother-of",
            "subject": "Amanda",
            "object": "Prisha"
        },
        {
            "relation": "mother-of",
            "subject": "Sasha",
            "object": "Kim"
        },
        {
            "relation": "father-of",
            "subject": "Ayansh",
            "object": "Linda"
        },
        {
            "relation": "mother-of",
            "subject": "Kim",
            "object": "Zeinab"
        },
        {
            "relation": "mother-of",
            "subject": "Sasha",
            "object": "Amanda"
        },
        {
            "relation": "father-of",
            "subject": "Ayansh",
            "object": "Lindsay"
        }
    ],
    "country": "North Wumponia",
    "test-results": [
        {
            "type": "bloodtype-test",
            "person": "Sasha",
            "result": "B"
        },
        {
            "type": "mixed-bloodtype-test",
            "person-1": "Zeinab",
            "person-2": "Prisha",
            "result": "AB"
        },
        {
            "type": "pair-bloodtype-test",
            "person-1": "Ayansh",
            "result-1": "B",
            "person-2": "Lindsay",
            "result-2": "AB"
        },
        {
            "type": "bloodtype-test",
            "person": "Ayansh",
            "result": "B"
        }
    ],
    "queries": [
        {
            "type": "bloodtype",
            "person": "Amanda"
        },
        {
            "type": "bloodtype",
            "person": "Prisha"
        }
    ]
}