{
    "family-tree": [
        {
            "relation": "father-of",
            "subject": "Mehmet",
            "object": "Youssef"
        },
        {
            "relation": "father-of",
            "subject": "Youssef",
            "object": "Omar"
        },
        {
            "relation": "father-of",
            "subject": "Mehmet",
            "object": "Prisha"
        },
        {
            "relation": "father-of",
            "subject": "Youssef",
            "object": "Lindsay"
        },
        {
            "relation": "father-of",
            "subject": "Sam",
            "object": "Samantha"
        },
        {
            "relation": "father-of",
            "subject": "Omar",
            "object": "Noel"
        }
    ],
    "country": "North Wumponia",
    "test-results": [
        {
            "type": "pair-bloodtype-test",
            "person-1": "Noel",
            "result-1": "A",
            "person-2": "Samantha",
            "result-2": "A"
        },
        {
            "type": "bloodtype-test",
            "person": "Lindsay",
            "result": "O"
        }
    ],
    "queries": [
        {
            "type": "bloodtype",
            "person": "Youssef"
        },
        {
            "type": "bloodtype",
            "person": "Samantha"
        },
        {
            "type": "bloodtype",
            "person": "Sam"
        },
        {
            "type": "bloodtype",
            "person": "Noel"
        }
    ]
}