{
    "family-tree": [
        {
            "relation": "father-of",
            "subject": "Sam",
            "object": "Rory"
        },
        {
            "relation": "father-of",
            "subject": "Rory",
            "object": "Sasha"
        },
        {
            "relation": "father-of",
            "subject": "Sasha",
            "object": "Yufei"
        },
        {
            "relation": "father-of",
            "subject": "Rory",
            "object": "Kim"
        },
        {
            "relation": "father-of",
            "subject": "Kim",
            "object": "Maria"
        }
    ],
    "country": "South Wumponia",
    "test-results": [
        {
            "type": "pair-bloodtype-test",
            "person-1": "Maria",
            "result-1": "B",
            "person-2": "Sasha",
            "result-2": "B"
        },
        {
            "type": "mixed-bloodtype-test",
            "person-1": "Rory",
            "person-2": "Sam",
            "result": "B"
        }
    ],
    "queries": [
        {
            "type": "bloodtype",
            "person": "Sam"
        }
    ]
}