{
    "family-tree": [
        {
            "relation": "mother-of",
            "subject": "Sasha",
            "object": "Kim"
        },
        {
            "relation": "mother-of",
            "subject": "Kim",
            "object": "Ayansh"
        },
        {
            "relation": "mother-of",
            "subject": "Sasha",
            "object": "Kim"
        },
        {
            "relation": "mother-of",
            "subject": "Kim",
            "object": "Calvin"
        },
        {
            "relation": "father-of",
            "subject": "Calvin",
            "object": "Yufei"
        }
    ],
    "country": "North Wumponia",
    "test-results": [
        {
            "type": "pair-bloodtype-test",
            "person-1": "Yufei",
            "result-1": "B",
            "person-2": "Sasha",
            "result-2": "AB"
        },
        {
            "type": "bloodtype-test",
            "person": "Yufei",
            "result": "B"
        }
    ],
    "queries": [
        {
            "type": "bloodtype",
            "person": "Ayansh"
        }
    ]
}