{
    "family-tree": [
        {
            "relation": "father-of",
            "subject": "Rory",
            "object": "Jordan"
        },
        {
            "relation": "father-of",
            "subject": "Jordan",
            "object": "Linda"
        },
        {
            "relation": "father-of",
            "subject": "Jordan",
            "object": "Linda"
        },
        {
            "relation": "father-of",
            "subject": "Jordan",
            "object": "Dana"
        },
        {
            "relation": "father-of",
            "subject": "Rory",
            "object": "Leslie"
        },
        {
            "relation": "mother-of",
            "subject": "Yufei",
            "object": "Linda"
        }
    ],
    "country": "South Wumponia",
    "test-results": [
        {
            "type": "pair-bloodtype-test",
            "person-1": "Leslie",
            "result-1": "AB",
            "person-2": "Rory",
            "result-2": "B"
        },
        {
            "type": "bloodtype-test",
            "person": "Yufei",
            "result": "A"
        },
        {
            "type": "pair-bloodtype-test",
            "person-1": "Linda",
            "result-1": "A",
            "person-2": "Rory",
            "result-2": "AB"
        }
    ],
    "queries": [
        {
            "type": "bloodtype",
            "person": "Rory"
        }
    ]
}