{
    "family-tree": [
        {
            "relation": "father-of",
            "subject": "Noel",
            "object": "Yufei"
        },
        {
            "relation": "father-of",
            "subject": "Noel",
            "object": "Sam"
        },
        {
            "relation": "father-of",
            "subject": "Noel",
            "object": "Sam"
        },
        {
            "relation": "father-of",
            "subject": "Sam",
            "object": "Prisha"
        },
        {
            "relation": "mother-of",
            "subject": "Prisha",
            "object": "Jordan"
        }
    ],
    "country": "North Wumponia",
    "test-results": [
        {
            "type": "mixed-bloodtype-test",
            "person-1": "Prisha",
            "person-2": "Jordan",
            "result": "A"
        },
        {
            "type": "mixed-bloodtype-test",
            "person-1": "Jordan",
            "person-2": "Prisha",
            "result": "A"
        }
    ],
    "queries": [
        {
            "type": "bloodtype",
            "person": "Yufei"
        }
    ]
}