{
    "family-tree": [
        {
            "relation": "mother-of",
            "subject": "Dana",
            "object": "Leslie"
        },
        {
            "relation": "mother-of",
            "subject": "Dana",
            "object": "Mehmet"
        },
        {
            "relation": "father-of",
            "subject": "Mehmet",
            "object": "Kim"
        },
        {
            "relation": "mother-of",
            "subject": "Kim",
            "object": "Sam"
        },
        {
            "relation": "father-of",
            "subject": "Sam",
            "object": "Nora"
        },
        {
            "relation": "mother-of",
            "subject": "Nora",
            "object": "Zeinab"
        }
    ],
    "country": "South Wumponia",
    "test-results": [
        {
            "type": "mixed-bloodtype-test",
            "person-1": "Sam",
            "person-2": "Leslie",
            "result": "B"
        },
        {
            "type": "mixed-bloodtype-test",
            "person-1": "Kim",
            "person-2": "Nora",
            "result": "B"
        }
    ],
    "queries": [
        {
            "type": "bloodtype",
            "person": "Leslie"
        },
        {
            "type": "bloodtype",
            "person": "Nora"
        }
    ]
}