{
    "family-tree": [
        {
            "relation": "mother-of",
            "subject": "Leslie",
            "object": "Rory"
        },
        {
            "relation": "father-of",
            "subject": "Rory",
            "object": "Sasha"
        },
        {
            "relation": "mother-of",
            "subject": "Leslie",
            "object": "Ira"
        }
    ],
    "country": "North Wumponia",
    "test-results": [
        {
            "type": "bloodtype-test",
            "person": "Ira",
            "result": "AB"
        }
    ],
    "queries": [
        {
            "type": "bloodtype",
            "person": "Leslie"
        }
    ]
}