{
    "family-tree": [
        {
            "relation": "father-of",
            "subject": "Ahmed",
            "object": "Leslie"
        },
        {
            "relation": "father-of",
            "subject": "Ahmed",
            "object": "Kim"
        },
        {
            "relation": "father-of",
            "subject": "Ahmed",
            "object": "Mehmet"
        },
        {
            "relation": "father-of",
            "subject": "Ahmed",
            "object": "Nora"
        }
    ],
    "country": "North Wumponia",
    "test-results": [
        {
            "type": "bloodtype-test",
            "person": "Nora",
            "result": "B"
        },
        {
            "type": "bloodtype-test",
            "person": "Ahmed",
            "result": "A"
        }
    ],
    "queries": [
        {
            "type": "bloodtype",
            "person": "Mehmet"
        }
    ]
}