{
    "family-tree": [
        {
            "relation": "mother-of",
            "subject": "Zeinab",
            "object": "Nora"
        },
        {
            "relation": "mother-of",
            "subject": "Zeinab",
            "object": "Prisha"
        },
        {
            "relation": "mother-of",
            "subject": "Nora",
            "object": "Linda"
        }
    ],
    "country": "South Wumponia",
    "test-results": [
        {
            "type": "bloodtype-test",
            "person": "Nora",
            "result": "B"
        },
        {
            "type": "bloodtype-test",
            "person": "Prisha",
            "result": "AB"
        }
    ],
    "queries": [
        {
            "type": "bloodtype",
            "person": "Zeinab"
        },
        {
            "type": "bloodtype",
            "person": "Linda"
        }
    ]
}