{
    "family-tree": [
        {
            "relation": "father-of",
            "subject": "Jordan",
            "object": "Kim"
        },
        {
            "relation": "father-of",
            "subject": "Jordan",
            "object": "Noel"
        },
        {
            "relation": "father-of",
            "subject": "Noel",
            "object": "Mehmet"
        }
    ],
    "country": "North Wumponia",
    "test-results": [
        {
            "type": "bloodtype-test",
            "person": "Noel",
            "result": "A"
        }
    ],
    "queries": [
        {
            "type": "bloodtype",
            "person": "Kim"
        }
    ]
}