{
    "family-tree": [
        {
            "relation": "father-of",
            "subject": "Jordan",
            "object": "Prisha"
        },
        {
            "relation": "mother-of",
            "subject": "Prisha",
            "object": "Lindsay"
        },
        {
            "relation": "mother-of",
            "subject": "Prisha",
            "object": "Linda"
        },
        {
            "relation": "mother-of",
            "subject": "Kim",
            "object": "Prisha"
        }
    ],
    "country": "South Wumponia",
    "test-results": [
        {
            "type": "bloodtype-test",
            "person": "Kim",
            "result": "B"
        },
        {
            "type": "bloodtype-test",
            "person": "Linda",
            "result": "O"
        }
    ],
    "queries": [
        {
            "type": "bloodtype",
            "person": "Lindsay"
        }
    ]
}