{
    "family-tree": [
        {
            "relation": "mother-of",
            "subject": "Zeinab",
            "object": "Lindsay"
        },
        {
            "relation": "mother-of",
            "subject": "Lindsay",
            "object": "Ayansh"
        },
        {
            "relation": "mother-of",
            "subject": "Zeinab",
            "object": "Lindsay"
        },
        {
            "relation": "mother-of",
            "subject": "Lindsay",
            "object": "Sasha"
        }
    ],
    "country": "North Wumponia",
    "test-results": [
        {
            "type": "pair-bloodtype-test",
            "person-1": "Zeinab",
            "result-1": "B",
            "person-2": "Lindsay",
            "result-2": "AB"
        }
    ],
    "queries": [
        {
            "type": "bloodtype",
            "person": "Ayansh"
        }
    ]
}