{
    "family-tree": [
        {
            "relation": "mother-of",
            "subject": "Lyn",
            "object": "Mehmet"
        },
        {
            "relation": "father-of",
            "subject": "Mehmet",
            "object": "Sasha"
        },
        {
            "relation": "father-of",
            "subject": "Mehmet",
            "object": "Lindsay"
        },
        {
            "relation": "father-of",
            "subject": "Mehmet",
            "object": "Lindsay"
        },
        {
            "relation": "father-of",
            "subject": "Lindsay",
            "object": "Zeinab"
        }
    ],
    "country": "South Wumponia",
    "test-results": [
        {
            "type": "bloodtype-test",
            "person": "Sasha",
            "result": "B"
        },
        {
            "type": "bloodtype-test",
            "person": "Lindsay",
            "result": "AB"
        }
    ],
    "queries": [
        {
            "type": "bloodtype",
            "person": "Lyn"
        }
    ]
}