{
    "family-tree": [
        {
            "relation": "mother-of",
            "subject": "Amanda",
            "object": "Daniel"
        },
        {
            "relation": "mother-of",
            "subject": "Amanda",
            "object": "Brian"
        },
        {
            "relation": "father-of",
            "subject": "Daniel",
            "object": "Sam"
        }
    ],
    "country": "North Wumponia",
    "test-results": [
        {
            "type": "pair-bloodtype-test",
            "person-1": "Daniel",
            "result-1": "A",
            "person-2": "Sam",
            "result-2": "A"
        },
        {
            "type": "bloodtype-test",
            "person": "Amanda",
            "result": "A"
        }
    ],
    "queries": [
        {
            "type": "bloodtype",
            "person": "Brian"
        }
    ]
}