{
    "family-tree": [
        {
            "relation": "father-of",
            "subject": "Ayansh",
            "object": "Dana"
        },
        {
            "relation": "father-of",
            "subject": "Ayansh",
            "object": "Muhammed"
        },
        {
            "relation": "father-of",
            "subject": "Muhammed",
            "object": "Linda"
        },
        {
            "relation": "mother-of",
            "subject": "Dana",
            "object": "Rory"
        },
        {
            "relation": "mother-of",
            "subject": "Dana",
            "object": "Sasha"
        }
    ],
    "country": "North Wumponia",
    "test-results": [
        {
            "type": "bloodtype-test",
            "person": "Linda",
            "result": "B"
        }
    ],
    "queries": [
        {
            "type": "bloodtype",
            "person": "Ayansh"
        },
        {
            "type": "bloodtype",
            "person": "Sasha"
        },
        {
            "type": "bloodtype",
            "person": "Dana"
        }
    ]
}