{
    "family-tree": [
        {
            "relation": "father-of",
            "subject": "Lindsay",
            "object": "Rory"
        },
        {
            "relation": "father-of",
            "subject": "Lindsay",
            "object": "Kim"
        },
        {
            "relation": "father-of",
            "subject": "Lindsay",
            "object": "Kim"
        }
    ],
    "country": "North Wumponia",
    "test-results": [
        {
            "type": "mixed-bloodtype-test",
            "person-1": "Lindsay",
            "person-2": "Rory",
            "result": "AB"
        }
    ],
    "queries": [
        {
            "type": "bloodtype",
            "person": "Lindsay"
        }
    ]
}