{
    "family-tree": [
        {
            "relation": "mother-of",
            "subject": "Linda",
            "object": "Zeinab"
        },
        {
            "relation": "mother-of",
            "subject": "Zeinab",
            "object": "Yufei"
        },
        {
            "relation": "mother-of",
            "subject": "Zeinab",
            "object": "Lindsay"
        },
        {
            "relation": "mother-of",
            "subject": "Zeinab",
            "object": "Lindsay"
        },
        {
            "relation": "mother-of",
            "subject": "Linda",
            "object": "Zeinab"
        }
    ],
    "country": "South Wumponia",
    "test-results": [
        {
            "type": "bloodtype-test",
            "person": "Zeinab",
            "result": "AB"
        }
    ],
    "queries": [
        {
            "type": "bloodtype",
            "person": "Linda"
        }
    ]
}