{
    "family-tree": [
        {
            "relation": "mother-of",
            "subject": "Samantha",
            "object": "Linda"
        },
        {
            "relation": "mother-of",
            "subject": "Samantha",
            "object": "Sam"
        },
        {
            "relation": "mother-of",
            "subject": "Samantha",
            "object": "Ira"
        },
        {
            "relation": "mother-of",
            "subject": "Ira",
            "object": "Daniel"
        }
    ],
    "country": "North Wumponia",
    "test-results": [
        {
            "type": "bloodtype-test",
            "person": "Samantha",
            "result": "AB"
        }
    ],
    "queries": [
        {
            "type": "bloodtype",
            "person": "Daniel"
        }
    ]
}