{
    "family-tree": [
        {
            "relation": "mother-of",
            "subject": "Kim",
            "object": "Lyn"
        },
        {
            "relation": "mother-of",
            "subject": "Lyn",
            "object": "Leslie"
        },
        {
            "relation": "mother-of",
            "subject": "Kim",
            "object": "Sasha"
        },
        {
            "relation": "father-of",
            "subject": "Leslie",
            "object": "Mehmet"
        }
    ],
    "country": "North Wumponia",
    "test-results": [
        {
            "type": "bloodtype-test",
            "person": "Kim",
            "result": "A"
        },
        {
            "type": "pair-bloodtype-test",
            "person-1": "Sasha",
            "result-1": "A",
            "person-2": "Lyn",
            "result-2": "AB"
        }
    ],
    "queries": [
        {
            "type": "bloodtype",
            "person": "Mehmet"
        }
    ]
}