{
    "family-tree": [
        {
            "relation": "mother-of",
            "subject": "Lyn",
            "object": "Sam"
        },
        {
            "relation": "father-of",
            "subject": "Sam",
            "object": "Ayansh"
        },
        {
            "relation": "father-of",
            "subject": "Sam",
            "object": "Kim"
        },
        {
            "relation": "father-of",
            "subject": "Sam",
            "object": "Lindsay"
        }
    ],
    "country": "North Wumponia",
    "test-results": [
        {
            "type": "bloodtype-test",
            "person": "Sam",
            "result": "A"
        },
        {
            "type": "bloodtype-test",
            "person": "Lyn",
            "result": "AB"
        }
    ],
    "queries": [
        {
            "type": "bloodtype",
            "person": "Lindsay"
        }
    ]
}