{
    "family-tree": [
        {
            "relation": "father-of",
            "subject": "Omar",
            "object": "Jordan"
        },
        {
            "relation": "mother-of",
            "subject": "Zeinab",
            "object": "Jordan"
        }
    ],
    "country": "North Wumponia",
    "test-results": [
        {
            "type": "bloodtype-test",
            "person": "Zeinab",
            "result": "B"
        }
    ],
    "queries": [
        {
            "type": "bloodtype",
            "person": "Jordan"
        }
    ]
}