{
    "family-tree": [
        {
            "relation": "father-of",
            "subject": "Brian",
            "object": "Sasha"
        },
        {
            "relation": "father-of",
            "subject": "Sasha",
            "object": "Rory"
        },
        {
            "relation": "father-of",
            "subject": "Brian",
            "object": "Sasha"
        }
    ],
    "country": "North Wumponia",
    "test-results": [
        {
            "type": "bloodtype-test",
            "person": "Sasha",
            "result": "B"
        }
    ],
    "queries": [
        {
            "type": "bloodtype",
            "person": "Brian"
        }
    ]
}